{
  "project_info": {
    "project_number": "816932800728",
    "firebase_url": "https://phonetracking-2bd0e.firebaseio.com",
    "project_id": "phonetracking-2bd0e",
    "storage_bucket": "phonetracking-2bd0e.appspot.com"
  },
  "client": [
    {
      "client_info": {
        "mobilesdk_app_id": "1:816932800728:android:781b5f9f50cd1222",
        "android_client_info": {
          "package_name": "com.example.sujeet.phonetracker"
        }
      },
      "oauth_client": [
        {
          "client_id": "816932800728-vf9l14l1n1insa7kepdcth6lfosiorms.apps.googleusercontent.com",
          "client_type": 1,
          "android_info": {
            "package_name": "com.example.sujeet.phonetracker",
            "certificate_hash": "72a9e9ff541250d55bca497a917af2928d4bc87b"
          }
        },
        {
          "client_id": "816932800728-6kdct9dujnkvadp26dn41vnr90hkhia8.apps.googleusercontent.com",
          "client_type": 3
        }
      ],
      "api_key": [
        {
          "current_key": "AIzaSyAidEqynZqw7usIr-nS0Sdda5sh3Wnktv8"
        }
      ],
      "services": {
        "analytics_service": {
          "status": 1
        },
        "appinvite_service": {
          "status": 2,
          "other_platform_oauth_client": [
            {
              "client_id": "816932800728-6kdct9dujnkvadp26dn41vnr90hkhia8.apps.googleusercontent.com",
              "client_type": 3
            }
          ]
        },
        "ads_service": {
          "status": 2
        }
      }
    }
  ],
  "configuration_version": "1"
}